{"cameraMode":{"drawMode":0,"name":"Shaded","section":"Shading Mode"},"sceneLighting":false,"audioPlay":false,"sceneViewState":{"m_AlwaysRefresh":false,"showFog":true,"showSkybox":false,"showFlares":true,"showImageEffects":true,"showParticleSystems":true,"showVisualEffectGraphs":true,"m_FxEnabled":true},"in2DMode":false,"pivot":{"x":-1.8450000286102296,"y":1.1349999904632569,"z":0.06000000238418579},"rotation":{"x":0.06433027982711792,"y":-0.825355052947998,"z":0.09599246829748154,"w":0.5527254343032837},"size":0.30822068452835085,"orthographic":false}