{"cameraMode":{"drawMode":0,"name":"Shaded","section":"Shading Mode"},"sceneLighting":true,"audioPlay":false,"sceneViewState":{"m_AlwaysRefresh":false,"showFog":true,"showSkybox":true,"showFlares":true,"showImageEffects":true,"showParticleSystems":true,"showVisualEffectGraphs":true,"m_FxEnabled":true},"in2DMode":false,"pivot":{"x":1.4968148469924927,"y":7.738387107849121,"z":-11.523193359375},"rotation":{"x":0.4244461953639984,"y":0.0023475796915590765,"z":-0.0012799008982256055,"w":0.9055495858192444},"size":2.2581534385681154,"orthographic":false}